<?xml version="1.0" encoding="UTF-8"?>
<project-private xmlns="http://www.netbeans.org/ns/project-private/1">
    <editor-bookmarks xmlns="http://www.netbeans.org/ns/editor-bookmarks/2" lastBookmarkId="0"/>
    <open-files xmlns="http://www.netbeans.org/ns/projectui-open-files/2">
        <group>
            <file>file:/D:/Sahyadri/library%20management%20system/src/L1/Connect.java</file>
            <file>file:/D:/Sahyadri/library%20management%20system/src/L1/L1.java</file>
            <file>file:/D:/Sahyadri/library%20management%20system/src/L1/Home.java</file>
            <file>file:/D:/Sahyadri/library%20management%20system/src/L1/ReturnBook.java</file>
            <file>file:/D:/Sahyadri/library%20management%20system/src/L1/L2.java</file>
            <file>file:/D:/Sahyadri/library%20management%20system/src/L1/login.java</file>
            <file>file:/D:/Sahyadri/library%20management%20system/src/L1/StudentReg.java</file>
            <file>file:/D:/Sahyadri/library%20management%20system/src/L1/IssueBook.java</file>
            <file>file:/D:/Sahyadri/library%20management%20system/src/L1/AddBook.java</file>
        </group>
    </open-files>
</project-private>
